,ID,DOCUMENT_ID,DOCUMENT_TYPE,FILING_DATE,MODIFIED_AT,DETAIL_JSON.company_name,DETAIL_JSON.parsing_status,avg_sent,sum_sent,hit_count,positive_hits,negative_hits,section_count,word_count
0,5239025,155273630,AR,2021-03-30,2021-06-25 03:41:09,Banco BMG S.A.,WARNING,0.11113020713416884,4.222947871098416,1792,1060,732,126,23379
4,5239026,155273630,AR,2021-03-30,2021-06-25 03:42:20,Banco BMG S.A.,WARNING,0.11113020713416884,4.222947871098416,1792,1060,732,126,23379
13,5241072,153994497,AR,2021-03-04,2021-06-25 12:17:04,"B3 S.A. - Brasil, Bolsa, Balcão",WARNING,0.2306016634687449,8.301659884874816,2438,1435,1003,50,28442
25,5241678,153686928,AR,2021-02-27,2021-06-25 19:04:54,Banco Central do Brasil,WARNING,0.2083419384566067,5.833574276784987,2044,1185,859,51,25562
29,5241685,153686928,AR,2021-02-27,2021-06-25 19:04:13,Banco Central do Brasil,WARNING,0.2083419384566067,5.833574276784987,2044,1185,859,51,25562
33,4008758,150744950,AR,2021-01-06,2021-06-30 09:14:41,São Martinho S.A.,SUCCESS,0.429230735619381,12.018460597342669,2095,1401,694,102,22765
34,4018075,151701665,AR,2021-01-20,2021-06-30 09:12:51,Votorantim S.A.,SUCCESS,0.11435523415505744,13.608272864451836,3342,2095,1247,370,44984
38,4037153,151701665,AR,2021-01-20,2021-06-30 09:10:07,Votorantim S.A.,SUCCESS,0.11435523415505745,13.608272864451838,3342,2095,1247,370,44984
39,4073749,153977687,AR,2021-03-04,2021-07-01 05:57:40,CSU Cardsystem S.A.,WARNING,0.3802124689590537,12.927223944607826,1497,914,583,164,20339
40,4073987,153993107,AR,2021-03-05,2021-07-01 05:57:35,State Street Brasil SA - Banco Comercial,SUCCESS,0.1971904572258542,1.774714115032688,401,227,174,38,4775
41,4075849,154059864,AR,2021-02-19,2021-07-01 05:57:22,Banco Safra SA,WARNING,0.114680412622772,2.752329902946528,2356,1334,1022,39,28680
42,4076574,154144457,AR,2021-03-09,2021-07-01 05:57:12,AES Tietê Energia S.A.,SUCCESS,0.3841206448383398,4.609447738060077,458,335,123,35,6146
43,4946846,156200963,AR,2021-03-31,2021-07-08 06:12:19,M. Dias Branco S.A. Indústria e Comércio de Alimentos,WARNING,1.8740412477279065,22.488494972734877,2829,1998,831,59,30633
44,5100461,21577878,AR,2021-05-11,2021-07-05 10:22:29,"GP Investments, Ltd.",SUCCESS,1.5078354211183145,16.58618963230146,1325,971,354,78,18949
45,5100464,22745762,AR,2021-05-11,2021-07-05 10:22:29,Marcopolo S.A.,WARNING,0.2334306675518906,9.804088037179405,1375,832,543,114,17921
46,5104650,5435949,AR,2021-05-11,2021-07-05 10:23:13,Vale S.A.,WARNING,0.3110679704162042,26.751845455793564,6945,4584,2361,219,90103
48,5104810,5632526,AR,2021-05-11,2021-07-05 10:23:13,Minerações Brasileiras Reunidas S.A.,WARNING,0.365276802411352,36.89295704354655,6612,4009,2603,188,86883
59,5114398,6009322,AR,2021-05-13,2021-07-03 10:49:23,Votorantim S.A.,SUCCESS,0.2493761374590087,4.488770474262156,863,508,355,57,11996
63,5115804,54904833,AR,2021-05-13,2021-07-03 10:49:56,JBS S.A.,SUCCESS,0.20849608381745974,6.254882514523792,1102,673,429,98,15867
64,5119979,5123006,AR,2021-05-13,2021-07-03 10:51:01,Usinas Siderúrgicas de Minas Gerais S.A.,WARNING,0.26799491661023556,3.2159389993228267,1482,837,645,15,17895
65,5126346,3817475,AR,2021-05-14,2021-07-03 10:52:23,BTG Pactual Group,SUCCESS,0.21612806933529072,6.267714010723431,670,410,260,55,9870
66,5127321,5786408,AR,2021-05-14,2021-07-03 10:52:33,Copebras Industria Ltda.,WARNING,0.32635812988133867,46.66921257303143,10729,6607,4122,474,129013
68,5127867,6166629,AR,2021-05-14,2021-07-03 10:53:06,United Goalink,WARNING,0.13351885077504863,2.136301612400778,536,394,142,40,6505
69,5128817,3817473,AR,2021-05-14,2021-07-03 10:53:25,BTG Pactual Group,SUCCESS,0.7996312888191639,4.797787732914983,1010,577,433,33,13485
70,5129334,21870059,AR,2021-05-14,2021-07-03 10:53:34,UPL do Brasil Indústria e Comércio de Insumos Agropecuários S.A.,WARNING,0.500431995385773,36.03110366777565,3773,2660,1113,185,46115
73,5136780,106336474,AR,2021-05-14,2021-07-03 10:55:00,Votorantim S.A.,SUCCESS,1.6156473224638745,22.619062514494242,3887,2377,1510,51,57503
74,5137211,71541153,AR,2021-05-14,2021-07-03 10:55:16,BTG Pactual Group,WARNING,1.4291757286617346,4.287527185985204,338,247,91,8,3855
76,5138369,69489595,AR,2021-05-15,2021-07-03 10:55:36,ENGER Engenharia S.A.,WARNING,0.3692589833346238,41.35700613347787,3438,2407,1031,289,42664
78,5224232,153874663,AR,2021-03-03,2021-07-02 06:24:54,Banco BOCOM BBM S.A.,WARNING,0.06551998260928664,5.372638573961504,1102,645,457,85,13313
79,5237942,155273630,AR,2021-03-30,2021-07-01 11:18:50,Banco BMG S.A.,WARNING,0.11113020713416884,4.222947871098416,1792,1060,732,126,23379
83,5237944,155273630,AR,2021-03-30,2021-07-01 11:18:50,Banco BMG S.A.,WARNING,0.11113020713416884,4.222947871098416,1792,1060,732,126,23379
84,5239012,155273630,AR,2021-03-30,2021-07-02 06:24:08,Banco BMG S.A.,WARNING,0.11113020713416884,4.222947871098416,1792,1060,732,126,23379
85,5239013,155273630,AR,2021-03-30,2021-07-02 06:24:08,Banco BMG S.A.,WARNING,0.11113020713416884,4.222947871098416,1792,1060,732,126,23379
86,5243357,159081843,AR,2021-06-26,2021-07-04 00:48:41,Banco Nacional de Desenvolvimento Econômico e Social,SUCCESS,-0.08185240298977427,-5.484111000314876,2404,1278,1126,149,27374
87,5243712,159081839,AR,2021-06-26,2021-07-02 06:21:55,Banco Nacional de Desenvolvimento Econômico e Social,WARNING,-0.25767872417293824,-0.25767872417293824,101,48,53,14,1722
88,5243848,159081832,AR,2021-06-26,2021-07-02 06:21:38,Banco Nacional de Desenvolvimento Econômico e Social,WARNING,0.04967484267637619,2.5830918191715617,2631,1516,1115,74,32517
89,5243999,159081835,AR,2021-06-26,2021-07-02 06:21:34,Banco Nacional de Desenvolvimento Econômico e Social,SUCCESS,0.023238930054953044,2.184459425165586,2509,1392,1117,194,32799
90,5244667,159081834,AR,2021-06-26,2021-07-02 06:22:08,Banco Nacional de Desenvolvimento Econômico e Social,WARNING,0.21890536038173805,12.039794820995592,2544,1589,955,202,32656
94,5244738,155241201,AR,2021-06-26,2021-07-02 06:29:06,Banco Bradesco S.A.,WARNING,0.03634002659568251,1.3082409574445704,2050,1142,908,111,26574
95,5245946,155355595,AR,2021-06-26,2021-07-02 10:03:50,Banco ABC Brasil S.A.,SUCCESS,-0.051331561694015246,-1.7966046592905336,1055,574,481,70,14427
99,5247602,159081838,AR,2021-06-26,2021-07-02 10:03:02,Banco Nacional de Desenvolvimento Econômico e Social,SUCCESS,0.2712085893971523,9.221092039503178,2597,1622,975,139,33567
100,5247781,2776760,AR,2021-06-26,2021-07-02 10:02:58,Vale S.A.,WARNING,0.29995268922321133,28.49550547620508,7595,4367,3228,307,97528
101,5247849,159081840,AR,2021-06-26,2021-07-02 10:02:58,Banco Nacional de Desenvolvimento Econômico e Social,SUCCESS,0.05359426148417958,1.9829876749146444,1085,585,500,85,13529
102,5250313,153874663,AR,2021-03-03,2021-07-01 06:56:07,Banco BOCOM BBM S.A.,WARNING,0.06551998260928664,5.372638573961504,1102,645,457,85,13313
103,5250611,84163603,AR,2021-06-26,2021-07-03 10:56:35,Companhia de Desenvolvimento Econômico de Minas Gerais - CODEMIG,WARNING,0.6569713753419487,9.197599254787281,792,532,260,28,9993
104,5251755,154421339,AR,2021-06-26,2021-07-03 10:56:09,Banco Nacional de Desenvolvimento Econômico e Social,WARNING,0.047898055620311276,3.2091697265608556,2783,1581,1202,186,37271
105,5255277,152487757,AR,2021-06-26,2021-07-03 10:53:10,Banco Santander (Brasil) S.A.,WARNING,0.06589762458549071,11.07080093036244,3070,1912,1158,259,41402
106,5258275,2781875,AR,2021-06-26,2021-07-03 10:50:33,Vale S.A.,WARNING,0.23570862989655664,21.68519395048321,6754,3853,2901,287,88678
107,5259135,152412209,AR,2021-06-26,2021-07-03 10:49:47,Itaú Unibanco Holding S.A.,WARNING,0.1340271076101455,14.474927621895713,4645,2879,1766,343,53601
108,5259136,152938631,AR,2021-06-26,2021-07-03 10:49:47,Banco do Brasil S.A.,WARNING,0.17800420076202866,14.240336060962294,3398,2035,1363,271,43074
109,5259333,153932899,AR,2021-06-26,2021-07-03 10:49:42,Banco Modal S.A.,WARNING,0.031586409265492575,3.7903691118591087,2257,1290,967,226,27455
113,5263509,152808669,AR,2021-06-26,2021-06-27 15:15:28,Banco BTG Pactual S.A.,SUCCESS,0.17068569340465284,6.144684962567502,1266,708,558,129,16092
114,5263881,154141881,AR,2021-06-26,2021-06-26 21:34:42,Banco de Desenvolvimento de Minas Gerais S.A. - BDMG,WARNING,0.909960556045136,10.919526672541632,2389,1435,954,41,28518
115,5263917,158038982,AR,2021-06-26,2021-06-27 00:11:18,Petróleo Brasileiro S.A. - Petrobras,WARNING,-0.032714359059639285,-8.27673284208874,1375,652,723,547,270117
116,5264152,157685703,AR,2021-06-26,2021-06-26 15:25:22,ICBC do Brasil Banco Múltiplo S.A.,SUCCESS,-0.3430967390158838,-3.430967390158838,764,412,352,10,9889
117,5266926,3223007,AR,2021-06-27,2021-06-27 07:54:07,Vale S.A.,WARNING,1.0625325459066708,59.50182257077357,5944,3454,2490,124,79996
118,5271311,3260734,AR,2021-06-28,2021-07-03 10:46:16,Gerdau S.A.,WARNING,0.7051246354258116,22.56398833362597,1786,1353,433,197,19621
119,5271699,3260735,AR,2021-06-28,2021-07-03 10:46:12,Gerdau S.A.,SUCCESS,0.9402218464184803,24.44576800688049,1763,1308,455,59,19109
120,5273428,3260737,AR,2021-06-28,2021-07-03 10:45:50,Gerdau S.A.,WARNING,1.4760416397575538,17.712499677090644,1603,1185,418,38,17717
121,5274592,3260736,AR,2021-06-28,2021-07-03 10:45:28,Gerdau S.A.,SUCCESS,0.6221814875656593,17.42108165183846,1686,1168,518,58,18125
122,5276020,3218926,AR,2021-06-28,2021-07-03 10:45:02,Vale S.A.,SUCCESS,1.3429443428753083,30.88771988613209,7377,4353,3024,39,94457
123,5278360,3223008,AR,2021-06-28,2021-07-03 10:43:38,Vale S.A.,WARNING,0.7410295102613346,37.79250502332806,6899,4005,2894,238,93991
124,5280457,3262308,AR,2021-06-28,2021-07-03 10:43:03,MMX Mineração e Metálicos S.A.,SUCCESS,0.131082876375646,5.636563684152779,2613,1411,1202,103,35001
125,5284925,132327629,AR,2020-02-11,2021-07-01 05:53:29,Banco Central do Brasil,WARNING,0.14612747645479052,5.845099058191621,1757,1027,730,44,23623
126,5284960,12318932,AR,2016-12-31,2021-07-01 05:53:29,Banco Central do Brasil,WARNING,0.16957094708595677,7.630692618868054,1728,1043,685,129,23747
127,5284971,12318932,AR,2016-12-31,2021-07-01 05:53:29,Banco Central do Brasil,WARNING,0.16957094708595674,7.6306926188680535,1728,1043,685,129,23747
128,5284993,104799856,AR,2018-12-31,2021-07-01 05:53:29,Banco Central do Brasil,WARNING,0.08438893454117717,3.7975020543529725,1760,1023,737,133,23699
129,5303034,153932899,AR,2021-03-25,2021-07-03 09:17:29,Banco Modal S.A.,WARNING,0.031139980694064005,3.736797683287681,2257,1290,967,226,27455
133,5304064,3261850,AR,2021-07-05,2021-07-06 04:56:17,MMX Mineração e Metálicos S.A.,SUCCESS,0.17163970061205408,5.664110120197785,2821,1543,1278,72,38215
141,5308137,153542267,AR,2020-12-31,2021-07-05 05:39:38,Banestes S.A - Banco do Estado do Espírito Santo,WARNING,0.12299680211840343,7.994792137696223,2185,1302,883,135,27831
149,5332651,155355595,AR,2021-03-31,2021-07-13 02:36:27,Banco ABC Brasil S.A.,SUCCESS,-0.05133156169401522,-1.7966046592905327,1055,574,481,69,14427
153,5332652,155355595,AR,2021-03-31,2021-07-13 02:36:42,Banco ABC Brasil S.A.,SUCCESS,-0.05133156169401523,-1.7966046592905331,1055,574,481,69,14427
157,5367656,155355595,AR,2021-03-31,2021-07-22 12:43:14,Banco ABC Brasil S.A.,SUCCESS,-0.03436103999894565,-1.4431636799557173,1089,600,489,72,14923
161,5370387,163480181,AR,2021-07-23,2021-07-23 06:33:19,Raízen Energia S.A.,SUCCESS,-0.001546582374182113,-0.0726893715865593,2758,1549,1209,229,36656
162,5377843,163497173,AR,2020-12-31,2021-07-26 04:37:11,Cielo S.A.,WARNING,0.9903841201065222,38.624980684154366,3798,2691,1107,132,38589
163,2431929,106090841,AR,2019-03-29,2021-07-26 06:30:27,Verde AgriTech PLC,SUCCESS,0.09944920060664612,3.8785188236591988,1674,1061,613,116,23503
165,2437937,104159191,AR,2019-02-15,2021-07-26 06:40:06,Porto Seguro S.A.,SUCCESS,0.0749740433377302,3.7487021668865097,2229,1299,930,102,25177
166,2469273,134420482,AR,2020-03-31,2021-07-26 06:43:33,Banco ABC Brasil SA,SUCCESS,-0.10182782509503617,-2.5456956273759044,1414,766,648,46,16245
167,2496895,109310526,AR,2019-05-17,2021-07-26 06:31:57,CPFL Energias Renováveis S.A.,SUCCESS,0.67984352668117,18.35577522039159,1425,1080,345,84,16405
169,2516028,107285258,AR,2019-02-27,2021-07-26 06:33:14,"Banco Santander, SA",WARNING,0.39751789965836204,151.45431976983593,27403,16346,11057,1224,328272
181,2539582,91395952,AR,2018-03-28,2021-07-26 06:41:02,CPFL Energias Renováveis S.A.,WARNING,0.5586360995310696,17.317719085463157,3494,2277,1217,128,42893
183,2561985,142436640,AR,2020-08-16,2021-07-26 06:45:43,Braskem S.A.,WARNING,0.5593030997479767,30.20236738639074,3261,2257,1004,126,35668
184,2588818,141651759,AR,2020-07-30,2021-07-26 06:37:44,PET Investimentos S.A.,WARNING,-0.006944444444444444,-0.0625,2,0,2,11,1373
185,2656594,142793898,AR,2018-12-31,2021-07-26 06:44:44,Companhia Energética de Minas Gerais,WARNING,0.40702533085474,34.19012779179816,5289,3135,2154,201,70034
186,2771179,142243594,AR,2019-12-31,2021-07-26 06:33:23,Banco Bradesco SA,WARNING,1.3320216798726718,61.2729972741429,6314,4453,1861,203,66264
187,2865102,73419635,AR,2018-03-04,2021-07-26 06:33:32,Três Corações Alimentos S.A.,SUCCESS,0.7045858185923035,47.91183566427664,10501,6649,3852,410,137913
190,2915171,77967378,AR,2018-05-01,2021-07-26 06:31:30,Companhia Energética de Minas Gerais,WARNING,0.2806116307758812,25.53565840060519,4443,2567,1876,229,61795
191,2974798,216140,AR,2015-12-31,2021-07-26 06:39:46,Banco Votorantim SA,WARNING,0.036467392259635696,1.6775000439432421,1734,968,766,142,20519
192,3152415,2591952,AR,2014-12-31,2021-07-26 06:47:50,Banco Votorantim SA,WARNING,0.12476784527977731,5.489785192310202,1494,886,608,136,17914
193,3170050,138846377,AR,2018-12-31,2021-07-26 06:34:28,Companhia Siderúrgica Nacional,WARNING,0.09389975458234771,27.418728338045533,8851,4923,3928,629,101689
194,3176799,2118138,AR,2014-12-31,2021-07-26 06:38:16,Haitong Banco de Investimento do Brasil SA,SUCCESS,0.15315807940364268,1.378422714632784,148,96,52,16,2569
195,3279783,3507985,AR,2011-12-31,2021-07-26 06:39:28,Banco Indusval SA,SUCCESS,0.5337023911399543,13.876262169638812,1848,1268,580,86,23612
196,3311070,24904714,AR,2012-12-31,2021-07-26 06:41:20,Sul América S.A.,WARNING,0.055222407733179324,4.031235764522091,3298,1808,1490,176,37761
197,3316849,4455502,AR,2012-12-31,2021-07-26 06:49:20,"B3 SA - Brasil, Bolsa, Balcão",SUCCESS,2.083696600239391,27.08805580311208,4214,2844,1370,57,47657
200,3347488,5875157,AR,2012-12-31,2021-07-26 06:34:06,Banco Pine SA,WARNING,-0.3686710514811136,-33.54906568478134,2467,1421,1046,200,28346
201,3356679,3712593,AR,2013-12-31,2021-07-26 06:35:04,MRV Engenharia e Participações S.A.,SUCCESS,1.7547703020049208,14.038162416039366,2220,1400,820,51,25695
202,3359377,4707862,AR,2013-12-31,2021-07-26 06:34:46,China Construction Bank (Brasil) Banco Múltiplo SA,WARNING,0.005390844980548261,0.20485210926083391,1979,1116,863,159,23102
203,3380402,4209716,AR,2013-12-31,2021-07-26 06:49:29,Banco Safra SA,WARNING,-0.030990621547159956,-0.9297186464147986,663,345,318,40,10185
204,3737832,8259190,AR,2009-12-31,2021-07-26 06:36:49,BR Malls Participações S.A.,SUCCESS,0.5884255437295087,12.356936418319684,957,721,236,98,10951
206,3740425,4626123,AR,2009-12-31,2021-07-26 06:29:55,Cetip S.A. – Mercados Organizados,WARNING,1.8685456931176092,9.342728465588046,1012,677,335,94,13154
207,3752751,20998999,AR,2009-12-31,2021-07-26 06:44:37,Triunfo Participações e Investimentos S.A.,WARNING,0.45710282554500886,32.45430061369563,5090,3216,1874,383,111950
208,3808193,9713525,AR,2006-12-31,2021-07-26 06:45:04,Itaú Unibanco Holding SA,WARNING,0.6463149253373967,48.47361940030475,3969,3029,940,250,45617
210,5115050,5727068,AR,2021-05-13,2021-07-26 06:43:24,Vale S.A.,WARNING,0.3186620727987174,33.459517643865325,7077,4123,2954,311,94424
211,5361818,163354539,AR,2020-12-31,2021-07-26 06:11:12,Centrais Elétricas Brasileiras S.A. - Eletrobrás,WARNING,0.4306493073565588,24.116361211967295,4183,2880,1303,167,46226
212,5367654,155355595,AR,2021-03-31,2021-07-27 03:53:27,Banco ABC Brasil S.A.,SUCCESS,-0.03436103999894563,-1.4431636799557164,1089,600,489,72,14923
216,5367655,155355595,AR,2021-03-31,2021-07-27 03:53:27,Banco ABC Brasil S.A.,SUCCESS,-0.03436103999894564,-1.4431636799557168,1089,600,489,72,14923
220,5368504,158643399,AR,2020-12-31,2021-07-27 03:52:29,Scotiabank Brasil S.A. Banco Múltiplo,SUCCESS,-0.02746269040940769,-1.153432997195123,797,457,340,101,9771
221,5503991,154928551,AR,2021-03-24,2021-08-17 16:44:44,Hapvida Participações e Investimentos S.A.,SUCCESS,0.25622724969831073,11.786453486122292,2880,1713,1167,176,36147
222,5512214,155355595,AR,2021-03-31,2021-08-18 18:58:59,Banco ABC Brasil S.A.,SUCCESS,-0.03436103999894565,-1.4431636799557173,1089,600,489,72,14923
226,5332259,155355595,AR,2021-03-31,2021-08-23 01:57:32,Banco ABC Brasil S.A.,SUCCESS,-0.05133156169401523,-1.7966046592905331,1055,574,481,69,14427
228,5332661,155355595,AR,2021-03-31,2021-08-23 01:57:32,Banco ABC Brasil S.A.,SUCCESS,-0.05133156169401523,-1.7966046592905331,1055,574,481,69,14427
230,5332662,155355595,AR,2021-03-31,2021-08-23 01:57:32,Banco ABC Brasil S.A.,SUCCESS,-0.05133156169401523,-1.7966046592905331,1055,574,481,69,14427
232,5332663,155355595,AR,2021-03-31,2021-08-23 01:57:32,Banco ABC Brasil S.A.,SUCCESS,-0.05133156169401523,-1.7966046592905331,1055,574,481,69,14427
234,5462687,155355595,AR,2021-03-31,2021-08-23 01:57:32,Banco ABC Brasil S.A.,SUCCESS,-0.03436103999894564,-1.4431636799557168,1089,600,489,72,14923
235,5462688,155355595,AR,2021-03-31,2021-08-23 01:57:32,Banco ABC Brasil S.A.,SUCCESS,-0.03436103999894563,-1.4431636799557164,1089,600,489,72,14923
236,5462689,155355595,AR,2021-03-31,2021-08-23 01:57:32,Banco ABC Brasil S.A.,SUCCESS,-0.03436103999894563,-1.4431636799557164,1089,600,489,72,14923
237,5463467,155355595,AR,2021-03-31,2021-08-23 01:57:32,Banco ABC Brasil S.A.,SUCCESS,-0.03436103999894563,-1.4431636799557164,1089,600,489,72,14923
238,5463468,155355595,AR,2021-03-31,2021-08-23 01:57:32,Banco ABC Brasil S.A.,SUCCESS,-0.03436103999894563,-1.4431636799557164,1089,600,489,72,14923
239,5463471,155355595,AR,2021-03-31,2021-08-23 01:57:32,Banco ABC Brasil S.A.,SUCCESS,-0.03436103999894563,-1.4431636799557164,1089,600,489,72,14923
240,5463472,155355595,AR,2021-03-31,2021-08-23 01:57:32,Banco ABC Brasil S.A.,SUCCESS,-0.03436103999894563,-1.4431636799557164,1089,600,489,72,14923
241,5463473,155355595,AR,2021-03-31,2021-08-23 01:57:32,Banco ABC Brasil S.A.,SUCCESS,-0.03436103999894563,-1.4431636799557164,1089,600,489,72,14923
242,5510670,155355595,AR,2021-03-31,2021-08-23 01:57:32,Banco ABC Brasil S.A.,SUCCESS,-0.03436103999894563,-1.4431636799557164,1089,600,489,72,14923
243,5511538,155355595,AR,2021-03-31,2021-08-23 01:57:32,Banco ABC Brasil S.A.,SUCCESS,-0.03436103999894563,-1.4431636799557164,1089,600,489,72,14923
244,5511731,155355595,AR,2021-03-31,2021-08-23 01:57:32,Banco ABC Brasil S.A.,SUCCESS,-0.03436103999894563,-1.4431636799557164,1089,600,489,72,14923
245,5511977,155355595,AR,2021-03-31,2021-08-23 01:57:32,Banco ABC Brasil S.A.,SUCCESS,-0.03436103999894563,-1.4431636799557164,1089,600,489,72,14923
246,5512450,155355595,AR,2021-03-31,2021-08-23 01:57:32,Banco ABC Brasil S.A.,SUCCESS,-0.03436103999894563,-1.4431636799557164,1089,600,489,72,14923
247,5512760,155355595,AR,2021-03-31,2021-08-23 01:57:32,Banco ABC Brasil S.A.,SUCCESS,-0.03436103999894563,-1.4431636799557164,1089,600,489,72,14923
248,5513093,155355595,AR,2021-03-31,2021-08-23 01:57:32,Banco ABC Brasil S.A.,SUCCESS,-0.03436103999894563,-1.4431636799557164,1089,600,489,72,14923
249,5513356,155355595,AR,2021-03-31,2021-08-23 01:57:32,Banco ABC Brasil S.A.,SUCCESS,-0.03436103999894563,-1.4431636799557164,1089,600,489,72,14923
250,2569496,141580332,AR,2020-07-24,2021-08-23 01:58:32,Allied Tecnologia S.A.,WARNING,-0.020735294117647074,-0.35250000000000026,129,59,70,32,29449
254,5431622,159171451,AR,2020-12-31,2021-08-25 02:16:03,Gerdau S.A.,WARNING,0.49297529515046445,17.254135330266255,2540,1801,739,99,29058
255,5552389,165524243,AR,2017-12-31,2021-09-13 16:23:43,Energisa S.A.,WARNING,0.30081635567871157,23.16285938726079,3368,2182,1186,188,40416
256,5552406,165524373,AR,2018-12-31,2021-09-13 16:37:45,Energisa S.A.,WARNING,0.17863914994079735,21.61533714283648,3659,2436,1223,239,41633
257,5552413,165524420,AR,2019-12-31,2021-09-13 16:58:31,Energisa S.A.,WARNING,0.3210614497280288,22.153240031233988,3941,2544,1397,186,47670
258,2956980,54919313,AR,2017-03-30,2021-09-20 01:23:20,WEG S.A.,WARNING,0.565153024673295,23.171274011605092,2726,1825,901,129,31242
266,2776914,131670214,AR,2019-12-31,2021-10-01 08:53:30,BB Seguridade Participações S.A.,WARNING,0.2365902480307651,12.775873393661314,1988,1234,754,175,27378
267,2828451,72541837,AR,2017-12-31,2021-09-29 02:34:43,Banco Daycoval SA,WARNING,-0.05857561762577923,-2.518751557908507,1824,973,851,83,21169
268,2381853,144424713,AR,2019-12-31,2021-10-12 00:56:24,CPFL Energia S.A.,WARNING,0.3620598452937765,32.94744592173366,3310,2446,864,195,35359
269,2613097,143052356,AR,2020-09-02,2021-10-11 07:29:26,Banco do Brasil SA,SUCCESS,0.44722681036506917,26.83360862190415,8505,4680,3825,257,97413
270,2658483,142793577,AR,2018-12-31,2021-10-04 00:00:01,Itaú Unibanco Holding SA,WARNING,0.23564494563460614,38.645771084075406,8167,5094,3073,506,89244
272,2680818,121188764,AR,2019-08-16,2021-10-04 00:00:01,Prosperity International Holdings (H.K.) Limited,SUCCESS,0.6219871367413791,34.83127965751723,5128,2831,2297,161,65008
276,2589685,141651778,AR,2020-07-30,2021-10-22 06:07:10,Palo Alto Investimentos S.A.,WARNING,-0.0263671875,-0.10546875,5,1,4,6,1700
277,2584838,141651681,AR,2020-07-30,2021-10-29 01:38:49,Terramar Investimentos S.A.,WARNING,0.170625,0.34125,10,6,4,6,1468
278,6615766,106250374,AR,2021-10-25,2021-11-16 17:54:03,"Sorocred - Crédito, Financiamento e Investimento S.A.",WARNING,0.0352379656629918,1.3038047295306967,433,246,187,41,5818
279,6615993,135649382,AR,2021-10-25,2021-11-16 21:57:38,"Sorocred - Crédito, Financiamento e Investimento S.A.",FAIL,0.19135277220575303,1.5308221776460242,428,243,185,8,5925
280,6616145,133304983,AR,2021-10-25,2021-11-17 01:00:52,Sonae Sierra Brasil S.A.,SUCCESS,0.7645634644418211,6.116507715534569,1971,1127,844,57,32268
282,6617663,164995172,AR,2021-10-25,2021-11-18 05:13:24,Banco Yamaha Motor do Brasil S.A.,FAIL,0.9068541728567887,0.9068541728567887,588,304,284,1,8770
283,6618189,136874362,AR,2021-10-25,2021-11-18 10:51:29,Guide Investimentos S.A. Corretora de Valores,WARNING,2.0380991173750087,2.0380991173750087,651,397,254,1,9296
284,6618571,136129525,AR,2021-10-25,2021-11-18 15:44:35,Banco Clássico S.A.,WARNING,0.025,0.05,1,1,0,2,21
285,6618962,134359517,AR,2021-10-25,2021-11-18 18:51:25,Banco Mercedes-Benz do Brasil S.A.,SUCCESS,0.4011802739678277,2.407081643806966,1047,555,492,69,13882
286,6618878,77765363,AR,2021-10-25,2021-11-19 01:47:59,TAM S.A.,FAIL,1.3899078453870182,36.13760398006247,5716,3623,2093,61,94218
287,6619837,135211802,AR,2021-10-25,2021-11-19 05:43:45,Banco Máxima S.A.,WARNING,1.4912312398627807,2.9824624797255614,676,422,254,22,10013
288,6619956,134397189,AR,2021-10-25,2021-11-19 07:10:22,ABC Brasil Distribuidora de Títulos e Valores Mobiliários S.A.,WARNING,0.07715356361741413,1.157303454261212,225,142,83,15,3320
292,6693148,163925749,AR,2021-07-30,2021-11-26 04:40:38,Banco Nacional de Desenvolvimento Econômico e Social,WARNING,0.8611322979125369,25.833968937376106,3392,2436,956,138,46926
293,6693342,164004254,AR,2020-12-31,2021-11-26 08:35:14,Banco BTG Pactual S.A.,SUCCESS,0.17031637453815215,2.8953783671485867,956,528,428,49,14757
294,6617855,153891545,AR,2021-10-25,2021-12-06 12:24:24,Companhia Siderúrgica Nacional,WARNING,0.04038568292189555,6.380937901659498,6957,3461,3496,391,115233
295,7119443,177965203,AR,2022-03-03,2022-03-04 12:32:33,Banco Modal S.A.,WARNING,0.19421335590716768,4.272693829957689,1363,768,595,135,31939
296,7128073,178162162,AR,2022-03-08,2022-03-10 09:22:49,GPS Participações e Empreendimentos S.A.,FAIL,0.06897309502641369,1.103569520422619,133,97,36,21,3045
297,7144314,177228394,AR,2022-03-24,2022-03-25 11:27:23,Klabin S.A.,WARNING,0.29703290718865566,13.069447916300849,1825,1230,595,49,38316
298,7146444,178858168,AR,2022-03-22,2022-03-25 10:13:40,Verde Agritech Plc,WARNING,0.06077372807082428,2.7348177631870927,1304,834,468,63,29430
299,8011003,181605449,AR,2022-05-02,2022-05-05 08:53:13,Lojas Americanas S.A.,WARNING,0.7753514205103964,17.05773125122872,2151,1594,557,76,37063
300,8555775,184157549,AR,2022-06-10,2022-06-14 10:25:02,Banco Nacional de Desenvolvimento Econômico e Social,WARNING,0.04314091971195142,6.08286967938515,3154,1664,1489,373,68954
301,8586369,185422974,AR,2022-06-30,2022-07-04 07:59:09,São Salvador Alimentos S/A,SUCCESS,0.5274944116412276,32.17715911011488,4196,2608,1587,235,68326
302,8632271,179543839,AR,2022-08-01,2022-08-02 09:20:10,Banco Bradesco S.A.,WARNING,0.04882250173082879,1.7576100623098365,1223,616,607,40,29377
303,8632289,177086451,AR,2022-08-01,2022-08-02 09:13:48,Banco BTG Pactual S.A.,WARNING,0.08820049577570066,3.087017352149523,733,408,325,97,17897
304,8632380,183225749,AR,2022-08-01,2022-08-02 09:47:23,Petróleo Brasileiro S.A. - Petrobras,WARNING,0.25324359148550746,11.649205208333344,732,475,257,405,261906
305,8835864,154349201,AR,2022-09-20,2022-09-20 20:22:46,Randon S.A. Implementos e Participações,SUCCESS,0.28594420119047986,4.861051420238158,707,515,192,60,12509
306,8836421,156371025,AR,2022-09-20,2022-09-20 21:03:19,Associação Espírita Beneficente Dr. Adolfo Bezerra de Menezes,SUCCESS,0.6832297390208357,10.248446085312535,636,526,110,30,9725
307,8835253,189253772,AR,2022-09-20,2022-09-23 00:50:08,Randon S.A. Implementos e Participações,SUCCESS,1.0005574462108517,11.00613190831937,835,653,182,38,13465
311,8835259,178239626,AR,2022-09-20,2022-09-23 00:52:43,Arezzo Indústria e Comércio S.A.,WARNING,0.3693023537377419,22.896745931739996,2986,2041,944,196,53454
315,8835020,181324784,AR,2022-09-20,2022-09-23 01:28:54,Natura &Co Holding S.A.,WARNING,0.5979715293448128,19.733060468378824,1807,1459,348,105,29367
319,8835192,181654383,AR,2022-09-20,2022-09-23 01:17:45,Grupo de Moda SOMA S.A.,WARNING,0.10934784931426615,12.575002671140608,2484,1690,794,227,46082
323,8835764,155376490,AR,2022-09-20,2022-09-23 22:55:27,Natura &Co Holding S.A.,FAIL,0.37937320448690076,6.449344476277313,770,642,128,45,12357
324,8835854,155868714,AR,2022-09-20,2022-09-23 23:00:07,Banco Capital S.A.,WARNING,-0.1306064594782313,-0.914245216347619,279,145,134,7,5377
325,8835874,154102686,AR,2022-09-20,2022-09-22 23:52:42,CCR S.A.,WARNING,0.10121048950190811,8.198049649654557,1602,1005,597,180,30529
326,8835887,153665025,AR,2022-09-20,2022-09-22 23:47:13,Cielo S.A.,SUCCESS,0.04332062114288798,4.765268325717678,1353,776,576,206,32116
327,8836081,152242986,AR,2022-09-20,2022-09-22 23:17:33,Banco Ribeirão Preto S.A.,SUCCESS,0.03992320505245278,0.6786944858916972,346,204,142,36,6707
328,8836097,189238350,AR,2022-09-20,2022-09-22 23:33:21,Energisa S.A.,WARNING,0.1677539744768873,17.614167320073168,2354,1563,791,268,43207
329,8836102,154518623,AR,2022-09-20,2022-09-22 23:13:44,Banco Sofisa S.A.,SUCCESS,0.1441717925992677,1.1533743407941417,553,316,237,28,12107
330,8836289,142360363,AR,2022-09-20,2022-09-22 23:00:28,Astrein Engenharia de Manutenção S/A,WARNING,0.0,0.0,0,0,0,7,1952
331,8836293,141651719,AR,2022-09-20,2022-09-22 22:59:27,Prima Empreendimentos Inovadores S.A.,WARNING,0.0,0.0,0,0,0,6,357
332,8836318,141790719,AR,2022-09-20,2022-09-22 22:52:44,Concrejato Serviços Técnicos de Engenharia S.A.,WARNING,0.03946666666666666,0.11839999999999998,6,2,4,12,3335
333,8836368,135041184,AR,2022-09-20,2022-09-22 22:52:08,Banco Société Générale Brasil S.A.,WARNING,-0.0009018845145229728,-0.027958419950212157,626,317,309,41,12664
334,8836596,136057961,AR,2022-09-20,2022-09-22 22:33:42,Coopecredi Guariba - Cooperativa de Crédito Sicoob Coopecredi,WARNING,0.2501931579714562,8.756760529000967,759,495,264,35,15955
335,8836607,134562408,AR,2022-09-20,2022-09-22 22:30:40,Banco Fidis S.A.,WARNING,0.04627080636240236,1.7582906417712898,509,301,208,38,10818
336,8836651,134260587,AR,2022-09-20,2022-09-22 22:27:49,Banco Volkswagen S.A.,SUCCESS,0.0659588997855544,1.3851368954966423,428,242,186,56,8536
337,8864300,193209846,AR,2022-09-29,2022-09-30 11:21:45,Bravo Mining Corp.,SUCCESS,0.368932035921777,9.592232933966201,1064,564,500,67,21068
338,8878106,2514499,AR,2022-10-06,2022-10-07 08:33:07,Banco Modal S.A.,WARNING,-0.00044317357752850104,-0.027476761806767065,462,241,221,69,11343
339,8878112,18798687,AR,2022-10-06,2022-10-07 08:34:55,Multiplus S.A.,WARNING,0.5400797792154567,13.501994480386418,1089,915,174,138,21083
340,8877740,193532894,AR,2022-10-06,2022-10-07 09:09:03,"Sofisa S.A. Crédito, Financiamento e Investimento",WARNING,0.0,0.0,0,0,0,1,44
341,8877653,193532802,AR,2022-10-06,2022-10-07 09:23:56,"Sofisa S.A. Crédito, Financiamento e Investimento",WARNING,0.0,0.0,0,0,0,1,44
342,8882806,22591702,AR,2022-10-11,2022-10-12 08:19:27,Vale S.A.,SUCCESS,0.034574322420479184,1.0718039950348548,695,397,297,95,18759
343,7108729,177418287,AR,2022-10-13,2022-10-14 06:20:56,Banco Rendimento S.A.,SUCCESS,0.4287689670411508,2.143844835205754,526,275,251,27,9231
344,7142723,178639682,AR,2022-03-18,2022-11-11 12:20:24,Enauta Participações S.A.,WARNING,0.044752664782339184,1.7901065912935674,742,432,310,66,20254
345,4459098,155214354,AR,2021-03-30,2021-10-04 00:00:01,Verde Agritech Plc,SUCCESS,0.09487526154019633,3.2257588923666756,1052,673,377,160,26747
346,7130106,178221494,AR,2023-01-18,2023-01-19 07:44:32,Via S.A.,WARNING,0.13923958985556914,5.2911044145116275,1221,745,475,88,28457
347,9242113,5435949,AR,2023-01-24,2023-01-26 06:19:37,Vale S.A.,SUCCESS,0.5628770581929514,34.33550054977004,4000,2739,1253,248,111629
